event_type,map_id,map_type,map_cn
1,1,普通,普通第 01 关
1,2,普通,普通第 02 关
1,3,普通,普通第 03 关
1,4,普通,普通第 04 关
1,5,普通,普通第 05 关
1,6,普通,普通第 06 关
1,7,普通,普通第 07 关
1,8,普通,普通第 08 关
1,9,普通,普通第 09 关
1,10,普通,普通第 10 关
1,11,普通,普通第 11 关
1,12,普通,普通第 12 关
1,13,普通,普通第 13 关
1,14,普通,普通第 14 关
1,15,普通,普通第 15 关
1,16,普通,普通第 16 关
1,17,普通,普通第 17 关
1,18,普通,普通第 18 关
1,19,普通,普通第 19 关
1,20,普通,普通第 20 关
1,21,普通,普通第 21 关
1,22,普通,普通第 22 关
1,23,普通,普通第 23 关
1,24,普通,普通第 24 关
1,25,普通,普通第 25 关
1,26,普通,普通第 26 关
1,27,普通,普通第 27 关
1,28,普通,普通第 28 关
1,29,普通,普通第 29 关
1,30,普通,普通第 30 关
1,31,普通,普通第 31 关
1,32,普通,普通第 32 关
1,33,普通,普通第 33 关
1,34,普通,普通第 34 关
1,35,普通,普通第 35 关
1,36,普通,普通第 36 关
1,37,普通,普通第 37 关
1,38,普通,普通第 38 关
1,39,普通,普通第 39 关
1,40,普通,普通第 40 关
1,41,普通,普通第 41 关
1,42,普通,普通第 42 关
1,43,普通,普通第 43 关
1,44,普通,普通第 44 关
1,45,普通,普通第 45 关
1,46,普通,普通第 46 关
1,47,普通,普通第 47 关
1,48,普通,普通第 48 关
1,49,普通,普通第 49 关
1,50,普通,普通第 50 关
1,51,普通,普通第 51 关
1,52,普通,普通第 52 关
1,53,普通,普通第 53 关
1,54,普通,普通第 54 关
1,55,普通,普通第 55 关
1,56,普通,普通第 56 关
1,57,普通,普通第 57 关
1,58,普通,普通第 58 关
1,59,普通,普通第 59 关
1,60,普通,普通第 60 关
1,61,普通,普通第 61 关
1,62,普通,普通第 62 关
1,63,普通,普通第 63 关
1,64,普通,普通第 64 关
1,65,普通,普通第 65 关
1,66,普通,普通第 66 关
1,67,普通,普通第 67 关
1,68,普通,普通第 68 关
1,69,普通,普通第 69 关
1,70,普通,普通第 70 关
1,71,普通,普通第 71 关
1,72,普通,普通第 72 关
1,73,普通,普通第 73 关
1,74,普通,普通第 74 关
1,75,普通,普通第 75 关
1,76,普通,普通第 76 关
1,77,普通,普通第 77 关
1,78,普通,普通第 78 关
1,79,普通,普通第 79 关
1,80,普通,普通第 80 关
1,81,普通,普通第 81 关
1,82,普通,普通第 82 关
1,83,普通,普通第 83 关
1,84,普通,普通第 84 关
1,85,普通,普通第 85 关
1,86,普通,普通第 86 关
1,87,普通,普通第 87 关
1,88,普通,普通第 88 关
1,89,普通,普通第 89 关
1,90,普通,普通第 90 关
1,91,普通,普通第 91 关
1,92,普通,普通第 92 关
1,93,普通,普通第 93 关
1,94,普通,普通第 94 关
1,95,普通,普通第 95 关
1,96,普通,普通第 96 关
1,97,普通,普通第 97 关
1,98,普通,普通第 98 关
1,99,普通,普通第 99 关
1,100,普通,普通第 10 关
3,1,精英,精英第 01 关
3,2,精英,精英第 02 关
3,3,精英,精英第 03 关
3,4,精英,精英第 04 关
3,5,精英,精英第 05 关
3,6,精英,精英第 06 关
3,7,精英,精英第 07 关
3,8,精英,精英第 08 关
3,9,精英,精英第 09 关
3,10,精英,精英第 10 关
3,11,精英,精英第 11 关
3,12,精英,精英第 12 关
3,13,精英,精英第 13 关
3,14,精英,精英第 14 关
3,15,精英,精英第 15 关
3,16,精英,精英第 16 关
3,17,精英,精英第 17 关
3,18,精英,精英第 18 关
3,19,精英,精英第 19 关
3,20,精英,精英第 20 关
3,21,精英,精英第 21 关
3,22,精英,精英第 22 关
3,23,精英,精英第 23 关
3,24,精英,精英第 24 关
3,25,精英,精英第 25 关
3,26,精英,精英第 26 关
3,27,精英,精英第 27 关
3,28,精英,精英第 28 关
3,29,精英,精英第 29 关
3,30,精英,精英第 30 关
3,31,精英,精英第 31 关
3,32,精英,精英第 32 关
3,33,精英,精英第 33 关
3,34,精英,精英第 34 关
3,35,精英,精英第 35 关
3,36,精英,精英第 36 关
3,37,精英,精英第 37 关
3,38,精英,精英第 38 关
3,39,精英,精英第 39 关
3,40,精英,精英第 40 关
3,41,精英,精英第 41 关
3,42,精英,精英第 42 关
3,43,精英,精英第 43 关
3,44,精英,精英第 44 关
3,45,精英,精英第 45 关
3,46,精英,精英第 46 关
3,47,精英,精英第 47 关
3,48,精英,精英第 48 关
3,49,精英,精英第 49 关
3,50,精英,精英第 50 关
4,1,军团 BOSS,军团 BOSS 第 01 关
4,2,军团 BOSS,军团 BOSS 第 02 关
4,3,军团 BOSS,军团 BOSS 第 03 关
4,4,军团 BOSS,军团 BOSS 第 04 关
4,5,军团 BOSS,军团 BOSS 第 05 关
4,6,军团 BOSS,军团 BOSS 第 06 关
4,7,军团 BOSS,军团 BOSS 第 07 关
4,8,军团 BOSS,军团 BOSS 第 08 关
4,9,军团 BOSS,军团 BOSS 第 09 关
5,1,天天打魔王,天天打魔王 第 01 关
5,2,天天打魔王,天天打魔王 第 02 关
5,3,天天打魔王,天天打魔王 第 03 关
5,4,天天打魔王,天天打魔王 第 04 关
5,5,天天打魔王,天天打魔王 第 05 关
5,6,天天打魔王,天天打魔王 第 06 关
5,7,天天打魔王,天天打魔王 第 07 关
5,8,天天打魔王,天天打魔王 第 08 关
5,9,天天打魔王,天天打魔王 第 09 关
2,1,魔鬼100层,魔鬼100层 第 0001 关
2,2,魔鬼100层,魔鬼100层 第 0002 关
2,3,魔鬼100层,魔鬼100层 第 0003 关
2,4,魔鬼100层,魔鬼100层 第 0004 关
2,5,魔鬼100层,魔鬼100层 第 0005 关
2,6,魔鬼100层,魔鬼100层 第 0006 关
2,7,魔鬼100层,魔鬼100层 第 0007 关
2,8,魔鬼100层,魔鬼100层 第 0008 关
2,9,魔鬼100层,魔鬼100层 第 0009 关
2,10,魔鬼100层,魔鬼100层 第 0010 关
2,11,魔鬼100层,魔鬼100层 第 0011 关
2,12,魔鬼100层,魔鬼100层 第 0012 关
2,13,魔鬼100层,魔鬼100层 第 0013 关
2,14,魔鬼100层,魔鬼100层 第 0014 关
2,15,魔鬼100层,魔鬼100层 第 0015 关
2,16,魔鬼100层,魔鬼100层 第 0016 关
2,17,魔鬼100层,魔鬼100层 第 0017 关
2,18,魔鬼100层,魔鬼100层 第 0018 关
2,19,魔鬼100层,魔鬼100层 第 0019 关
2,20,魔鬼100层,魔鬼100层 第 0020 关
2,21,魔鬼100层,魔鬼100层 第 0021 关
2,22,魔鬼100层,魔鬼100层 第 0022 关
2,23,魔鬼100层,魔鬼100层 第 0023 关
2,24,魔鬼100层,魔鬼100层 第 0024 关
2,25,魔鬼100层,魔鬼100层 第 0025 关
2,26,魔鬼100层,魔鬼100层 第 0026 关
2,27,魔鬼100层,魔鬼100层 第 0027 关
2,28,魔鬼100层,魔鬼100层 第 0028 关
2,29,魔鬼100层,魔鬼100层 第 0029 关
2,30,魔鬼100层,魔鬼100层 第 0030 关
2,31,魔鬼100层,魔鬼100层 第 0031 关
2,32,魔鬼100层,魔鬼100层 第 0032 关
2,33,魔鬼100层,魔鬼100层 第 0033 关
2,34,魔鬼100层,魔鬼100层 第 0034 关
2,35,魔鬼100层,魔鬼100层 第 0035 关
2,36,魔鬼100层,魔鬼100层 第 0036 关
2,37,魔鬼100层,魔鬼100层 第 0037 关
2,38,魔鬼100层,魔鬼100层 第 0038 关
2,39,魔鬼100层,魔鬼100层 第 0039 关
2,40,魔鬼100层,魔鬼100层 第 0040 关
2,41,魔鬼100层,魔鬼100层 第 0041 关
2,42,魔鬼100层,魔鬼100层 第 0042 关
2,43,魔鬼100层,魔鬼100层 第 0043 关
2,44,魔鬼100层,魔鬼100层 第 0044 关
2,45,魔鬼100层,魔鬼100层 第 0045 关
2,46,魔鬼100层,魔鬼100层 第 0046 关
2,47,魔鬼100层,魔鬼100层 第 0047 关
2,48,魔鬼100层,魔鬼100层 第 0048 关
2,49,魔鬼100层,魔鬼100层 第 0049 关
2,50,魔鬼100层,魔鬼100层 第 0050 关
2,51,魔鬼100层,魔鬼100层 第 0051 关
2,52,魔鬼100层,魔鬼100层 第 0052 关
2,53,魔鬼100层,魔鬼100层 第 0053 关
2,54,魔鬼100层,魔鬼100层 第 0054 关
2,55,魔鬼100层,魔鬼100层 第 0055 关
2,56,魔鬼100层,魔鬼100层 第 0056 关
2,57,魔鬼100层,魔鬼100层 第 0057 关
2,58,魔鬼100层,魔鬼100层 第 0058 关
2,59,魔鬼100层,魔鬼100层 第 0059 关
2,60,魔鬼100层,魔鬼100层 第 0060 关
2,61,魔鬼100层,魔鬼100层 第 0061 关
2,62,魔鬼100层,魔鬼100层 第 0062 关
2,63,魔鬼100层,魔鬼100层 第 0063 关
2,64,魔鬼100层,魔鬼100层 第 0064 关
2,65,魔鬼100层,魔鬼100层 第 0065 关
2,66,魔鬼100层,魔鬼100层 第 0066 关
2,67,魔鬼100层,魔鬼100层 第 0067 关
2,68,魔鬼100层,魔鬼100层 第 0068 关
2,69,魔鬼100层,魔鬼100层 第 0069 关
2,70,魔鬼100层,魔鬼100层 第 0070 关
2,71,魔鬼100层,魔鬼100层 第 0071 关
2,72,魔鬼100层,魔鬼100层 第 0072 关
2,73,魔鬼100层,魔鬼100层 第 0073 关
2,74,魔鬼100层,魔鬼100层 第 0074 关
2,75,魔鬼100层,魔鬼100层 第 0075 关
2,76,魔鬼100层,魔鬼100层 第 0076 关
2,77,魔鬼100层,魔鬼100层 第 0077 关
2,78,魔鬼100层,魔鬼100层 第 0078 关
2,79,魔鬼100层,魔鬼100层 第 0079 关
2,80,魔鬼100层,魔鬼100层 第 0080 关
2,81,魔鬼100层,魔鬼100层 第 0081 关
2,82,魔鬼100层,魔鬼100层 第 0082 关
2,83,魔鬼100层,魔鬼100层 第 0083 关
2,84,魔鬼100层,魔鬼100层 第 0084 关
2,85,魔鬼100层,魔鬼100层 第 0085 关
2,86,魔鬼100层,魔鬼100层 第 0086 关
2,87,魔鬼100层,魔鬼100层 第 0087 关
2,88,魔鬼100层,魔鬼100层 第 0088 关
2,89,魔鬼100层,魔鬼100层 第 0089 关
2,90,魔鬼100层,魔鬼100层 第 0090 关
2,91,魔鬼100层,魔鬼100层 第 0091 关
2,92,魔鬼100层,魔鬼100层 第 0092 关
2,93,魔鬼100层,魔鬼100层 第 0093 关
2,94,魔鬼100层,魔鬼100层 第 0094 关
2,95,魔鬼100层,魔鬼100层 第 0095 关
2,96,魔鬼100层,魔鬼100层 第 0096 关
2,97,魔鬼100层,魔鬼100层 第 0097 关
2,98,魔鬼100层,魔鬼100层 第 0098 关
2,99,魔鬼100层,魔鬼100层 第 0099 关
2,100,魔鬼100层,魔鬼100层 第 0100 关
2,101,魔鬼100层,魔鬼100层 第 0101 关
2,102,魔鬼100层,魔鬼100层 第 0102 关
2,103,魔鬼100层,魔鬼100层 第 0103 关
2,104,魔鬼100层,魔鬼100层 第 0104 关
2,105,魔鬼100层,魔鬼100层 第 0105 关
2,106,魔鬼100层,魔鬼100层 第 0106 关
2,107,魔鬼100层,魔鬼100层 第 0107 关
2,108,魔鬼100层,魔鬼100层 第 0108 关
2,109,魔鬼100层,魔鬼100层 第 0109 关
2,110,魔鬼100层,魔鬼100层 第 0110 关
2,111,魔鬼100层,魔鬼100层 第 0111 关
2,112,魔鬼100层,魔鬼100层 第 0112 关
2,113,魔鬼100层,魔鬼100层 第 0113 关
2,114,魔鬼100层,魔鬼100层 第 0114 关
2,115,魔鬼100层,魔鬼100层 第 0115 关
2,116,魔鬼100层,魔鬼100层 第 0116 关
2,117,魔鬼100层,魔鬼100层 第 0117 关
2,118,魔鬼100层,魔鬼100层 第 0118 关
2,119,魔鬼100层,魔鬼100层 第 0119 关
2,120,魔鬼100层,魔鬼100层 第 0120 关
2,121,魔鬼100层,魔鬼100层 第 0121 关
2,122,魔鬼100层,魔鬼100层 第 0122 关
2,123,魔鬼100层,魔鬼100层 第 0123 关
2,124,魔鬼100层,魔鬼100层 第 0124 关
2,125,魔鬼100层,魔鬼100层 第 0125 关
2,126,魔鬼100层,魔鬼100层 第 0126 关
2,127,魔鬼100层,魔鬼100层 第 0127 关
2,128,魔鬼100层,魔鬼100层 第 0128 关
2,129,魔鬼100层,魔鬼100层 第 0129 关
2,130,魔鬼100层,魔鬼100层 第 0130 关
2,131,魔鬼100层,魔鬼100层 第 0131 关
2,132,魔鬼100层,魔鬼100层 第 0132 关
2,133,魔鬼100层,魔鬼100层 第 0133 关
2,134,魔鬼100层,魔鬼100层 第 0134 关
2,135,魔鬼100层,魔鬼100层 第 0135 关
2,136,魔鬼100层,魔鬼100层 第 0136 关
2,137,魔鬼100层,魔鬼100层 第 0137 关
2,138,魔鬼100层,魔鬼100层 第 0138 关
2,139,魔鬼100层,魔鬼100层 第 0139 关
2,140,魔鬼100层,魔鬼100层 第 0140 关
2,141,魔鬼100层,魔鬼100层 第 0141 关
2,142,魔鬼100层,魔鬼100层 第 0142 关
2,143,魔鬼100层,魔鬼100层 第 0143 关
2,144,魔鬼100层,魔鬼100层 第 0144 关
2,145,魔鬼100层,魔鬼100层 第 0145 关
2,146,魔鬼100层,魔鬼100层 第 0146 关
2,147,魔鬼100层,魔鬼100层 第 0147 关
2,148,魔鬼100层,魔鬼100层 第 0148 关
2,149,魔鬼100层,魔鬼100层 第 0149 关
2,150,魔鬼100层,魔鬼100层 第 0150 关
2,151,魔鬼100层,魔鬼100层 第 0151 关
2,152,魔鬼100层,魔鬼100层 第 0152 关
2,153,魔鬼100层,魔鬼100层 第 0153 关
2,154,魔鬼100层,魔鬼100层 第 0154 关
2,155,魔鬼100层,魔鬼100层 第 0155 关
2,156,魔鬼100层,魔鬼100层 第 0156 关
2,157,魔鬼100层,魔鬼100层 第 0157 关
2,158,魔鬼100层,魔鬼100层 第 0158 关
2,159,魔鬼100层,魔鬼100层 第 0159 关
2,160,魔鬼100层,魔鬼100层 第 0160 关
2,161,魔鬼100层,魔鬼100层 第 0161 关
2,162,魔鬼100层,魔鬼100层 第 0162 关
2,163,魔鬼100层,魔鬼100层 第 0163 关
2,164,魔鬼100层,魔鬼100层 第 0164 关
2,165,魔鬼100层,魔鬼100层 第 0165 关
2,166,魔鬼100层,魔鬼100层 第 0166 关
2,167,魔鬼100层,魔鬼100层 第 0167 关
2,168,魔鬼100层,魔鬼100层 第 0168 关
2,169,魔鬼100层,魔鬼100层 第 0169 关
2,170,魔鬼100层,魔鬼100层 第 0170 关
2,171,魔鬼100层,魔鬼100层 第 0171 关
2,172,魔鬼100层,魔鬼100层 第 0172 关
2,173,魔鬼100层,魔鬼100层 第 0173 关
2,174,魔鬼100层,魔鬼100层 第 0174 关
2,175,魔鬼100层,魔鬼100层 第 0175 关
2,176,魔鬼100层,魔鬼100层 第 0176 关
2,177,魔鬼100层,魔鬼100层 第 0177 关
2,178,魔鬼100层,魔鬼100层 第 0178 关
2,179,魔鬼100层,魔鬼100层 第 0179 关
2,180,魔鬼100层,魔鬼100层 第 0180 关
2,181,魔鬼100层,魔鬼100层 第 0181 关
2,182,魔鬼100层,魔鬼100层 第 0182 关
2,183,魔鬼100层,魔鬼100层 第 0183 关
2,184,魔鬼100层,魔鬼100层 第 0184 关
2,185,魔鬼100层,魔鬼100层 第 0185 关
2,186,魔鬼100层,魔鬼100层 第 0186 关
2,187,魔鬼100层,魔鬼100层 第 0187 关
2,188,魔鬼100层,魔鬼100层 第 0188 关
2,189,魔鬼100层,魔鬼100层 第 0189 关
2,190,魔鬼100层,魔鬼100层 第 0190 关
2,191,魔鬼100层,魔鬼100层 第 0191 关
2,192,魔鬼100层,魔鬼100层 第 0192 关
2,193,魔鬼100层,魔鬼100层 第 0193 关
2,194,魔鬼100层,魔鬼100层 第 0194 关
2,195,魔鬼100层,魔鬼100层 第 0195 关
2,196,魔鬼100层,魔鬼100层 第 0196 关
2,197,魔鬼100层,魔鬼100层 第 0197 关
2,198,魔鬼100层,魔鬼100层 第 0198 关
2,199,魔鬼100层,魔鬼100层 第 0199 关
2,200,魔鬼100层,魔鬼100层 第 0200 关
2,201,魔鬼100层,魔鬼100层 第 0201 关
2,202,魔鬼100层,魔鬼100层 第 0202 关
2,203,魔鬼100层,魔鬼100层 第 0203 关
2,204,魔鬼100层,魔鬼100层 第 0204 关
2,205,魔鬼100层,魔鬼100层 第 0205 关
2,206,魔鬼100层,魔鬼100层 第 0206 关
2,207,魔鬼100层,魔鬼100层 第 0207 关
2,208,魔鬼100层,魔鬼100层 第 0208 关
2,209,魔鬼100层,魔鬼100层 第 0209 关
2,210,魔鬼100层,魔鬼100层 第 0210 关
2,211,魔鬼100层,魔鬼100层 第 0211 关
2,212,魔鬼100层,魔鬼100层 第 0212 关
2,213,魔鬼100层,魔鬼100层 第 0213 关
2,214,魔鬼100层,魔鬼100层 第 0214 关
2,215,魔鬼100层,魔鬼100层 第 0215 关
2,216,魔鬼100层,魔鬼100层 第 0216 关
2,217,魔鬼100层,魔鬼100层 第 0217 关
2,218,魔鬼100层,魔鬼100层 第 0218 关
2,219,魔鬼100层,魔鬼100层 第 0219 关
2,220,魔鬼100层,魔鬼100层 第 0220 关
2,221,魔鬼100层,魔鬼100层 第 0221 关
2,222,魔鬼100层,魔鬼100层 第 0222 关
2,223,魔鬼100层,魔鬼100层 第 0223 关
2,224,魔鬼100层,魔鬼100层 第 0224 关
2,225,魔鬼100层,魔鬼100层 第 0225 关
2,226,魔鬼100层,魔鬼100层 第 0226 关
2,227,魔鬼100层,魔鬼100层 第 0227 关
2,228,魔鬼100层,魔鬼100层 第 0228 关
2,229,魔鬼100层,魔鬼100层 第 0229 关
2,230,魔鬼100层,魔鬼100层 第 0230 关
2,231,魔鬼100层,魔鬼100层 第 0231 关
2,232,魔鬼100层,魔鬼100层 第 0232 关
2,233,魔鬼100层,魔鬼100层 第 0233 关
2,234,魔鬼100层,魔鬼100层 第 0234 关
2,235,魔鬼100层,魔鬼100层 第 0235 关
2,236,魔鬼100层,魔鬼100层 第 0236 关
2,237,魔鬼100层,魔鬼100层 第 0237 关
2,238,魔鬼100层,魔鬼100层 第 0238 关
2,239,魔鬼100层,魔鬼100层 第 0239 关
2,240,魔鬼100层,魔鬼100层 第 0240 关
2,241,魔鬼100层,魔鬼100层 第 0241 关
2,242,魔鬼100层,魔鬼100层 第 0242 关
2,243,魔鬼100层,魔鬼100层 第 0243 关
2,244,魔鬼100层,魔鬼100层 第 0244 关
2,245,魔鬼100层,魔鬼100层 第 0245 关
2,246,魔鬼100层,魔鬼100层 第 0246 关
2,247,魔鬼100层,魔鬼100层 第 0247 关
2,248,魔鬼100层,魔鬼100层 第 0248 关
2,249,魔鬼100层,魔鬼100层 第 0249 关
2,250,魔鬼100层,魔鬼100层 第 0250 关
2,251,魔鬼100层,魔鬼100层 第 0251 关
2,252,魔鬼100层,魔鬼100层 第 0252 关
2,253,魔鬼100层,魔鬼100层 第 0253 关
2,254,魔鬼100层,魔鬼100层 第 0254 关
2,255,魔鬼100层,魔鬼100层 第 0255 关
2,256,魔鬼100层,魔鬼100层 第 0256 关
2,257,魔鬼100层,魔鬼100层 第 0257 关
2,258,魔鬼100层,魔鬼100层 第 0258 关
2,259,魔鬼100层,魔鬼100层 第 0259 关
2,260,魔鬼100层,魔鬼100层 第 0260 关
2,261,魔鬼100层,魔鬼100层 第 0261 关
2,262,魔鬼100层,魔鬼100层 第 0262 关
2,263,魔鬼100层,魔鬼100层 第 0263 关
2,264,魔鬼100层,魔鬼100层 第 0264 关
2,265,魔鬼100层,魔鬼100层 第 0265 关
2,266,魔鬼100层,魔鬼100层 第 0266 关
2,267,魔鬼100层,魔鬼100层 第 0267 关
2,268,魔鬼100层,魔鬼100层 第 0268 关
2,269,魔鬼100层,魔鬼100层 第 0269 关
2,270,魔鬼100层,魔鬼100层 第 0270 关
2,271,魔鬼100层,魔鬼100层 第 0271 关
2,272,魔鬼100层,魔鬼100层 第 0272 关
2,273,魔鬼100层,魔鬼100层 第 0273 关
2,274,魔鬼100层,魔鬼100层 第 0274 关
2,275,魔鬼100层,魔鬼100层 第 0275 关
2,276,魔鬼100层,魔鬼100层 第 0276 关
2,277,魔鬼100层,魔鬼100层 第 0277 关
2,278,魔鬼100层,魔鬼100层 第 0278 关
2,279,魔鬼100层,魔鬼100层 第 0279 关
2,280,魔鬼100层,魔鬼100层 第 0280 关
2,281,魔鬼100层,魔鬼100层 第 0281 关
2,282,魔鬼100层,魔鬼100层 第 0282 关
2,283,魔鬼100层,魔鬼100层 第 0283 关
2,284,魔鬼100层,魔鬼100层 第 0284 关
2,285,魔鬼100层,魔鬼100层 第 0285 关
2,286,魔鬼100层,魔鬼100层 第 0286 关
2,287,魔鬼100层,魔鬼100层 第 0287 关
2,288,魔鬼100层,魔鬼100层 第 0288 关
2,289,魔鬼100层,魔鬼100层 第 0289 关
2,290,魔鬼100层,魔鬼100层 第 0290 关
2,291,魔鬼100层,魔鬼100层 第 0291 关
2,292,魔鬼100层,魔鬼100层 第 0292 关
2,293,魔鬼100层,魔鬼100层 第 0293 关
2,294,魔鬼100层,魔鬼100层 第 0294 关
2,295,魔鬼100层,魔鬼100层 第 0295 关
2,296,魔鬼100层,魔鬼100层 第 0296 关
2,297,魔鬼100层,魔鬼100层 第 0297 关
2,298,魔鬼100层,魔鬼100层 第 0298 关
2,299,魔鬼100层,魔鬼100层 第 0299 关
2,300,魔鬼100层,魔鬼100层 第 0300 关
2,301,魔鬼100层,魔鬼100层 第 0301 关
2,302,魔鬼100层,魔鬼100层 第 0302 关
2,303,魔鬼100层,魔鬼100层 第 0303 关
2,304,魔鬼100层,魔鬼100层 第 0304 关
2,305,魔鬼100层,魔鬼100层 第 0305 关
2,306,魔鬼100层,魔鬼100层 第 0306 关
2,307,魔鬼100层,魔鬼100层 第 0307 关
2,308,魔鬼100层,魔鬼100层 第 0308 关
2,309,魔鬼100层,魔鬼100层 第 0309 关
2,310,魔鬼100层,魔鬼100层 第 0310 关
2,311,魔鬼100层,魔鬼100层 第 0311 关
2,312,魔鬼100层,魔鬼100层 第 0312 关
2,313,魔鬼100层,魔鬼100层 第 0313 关
2,314,魔鬼100层,魔鬼100层 第 0314 关
2,315,魔鬼100层,魔鬼100层 第 0315 关
2,316,魔鬼100层,魔鬼100层 第 0316 关
2,317,魔鬼100层,魔鬼100层 第 0317 关
2,318,魔鬼100层,魔鬼100层 第 0318 关
2,319,魔鬼100层,魔鬼100层 第 0319 关
2,320,魔鬼100层,魔鬼100层 第 0320 关
2,321,魔鬼100层,魔鬼100层 第 0321 关
2,322,魔鬼100层,魔鬼100层 第 0322 关
2,323,魔鬼100层,魔鬼100层 第 0323 关
2,324,魔鬼100层,魔鬼100层 第 0324 关
2,325,魔鬼100层,魔鬼100层 第 0325 关
2,326,魔鬼100层,魔鬼100层 第 0326 关
2,327,魔鬼100层,魔鬼100层 第 0327 关
2,328,魔鬼100层,魔鬼100层 第 0328 关
2,329,魔鬼100层,魔鬼100层 第 0329 关
2,330,魔鬼100层,魔鬼100层 第 0330 关
2,331,魔鬼100层,魔鬼100层 第 0331 关
2,332,魔鬼100层,魔鬼100层 第 0332 关
2,333,魔鬼100层,魔鬼100层 第 0333 关
2,334,魔鬼100层,魔鬼100层 第 0334 关
2,335,魔鬼100层,魔鬼100层 第 0335 关
2,336,魔鬼100层,魔鬼100层 第 0336 关
2,337,魔鬼100层,魔鬼100层 第 0337 关
2,338,魔鬼100层,魔鬼100层 第 0338 关
2,339,魔鬼100层,魔鬼100层 第 0339 关
2,340,魔鬼100层,魔鬼100层 第 0340 关
2,341,魔鬼100层,魔鬼100层 第 0341 关
2,342,魔鬼100层,魔鬼100层 第 0342 关
2,343,魔鬼100层,魔鬼100层 第 0343 关
2,344,魔鬼100层,魔鬼100层 第 0344 关
2,345,魔鬼100层,魔鬼100层 第 0345 关
2,346,魔鬼100层,魔鬼100层 第 0346 关
2,347,魔鬼100层,魔鬼100层 第 0347 关
2,348,魔鬼100层,魔鬼100层 第 0348 关
2,349,魔鬼100层,魔鬼100层 第 0349 关
2,350,魔鬼100层,魔鬼100层 第 0350 关
2,351,魔鬼100层,魔鬼100层 第 0351 关
2,352,魔鬼100层,魔鬼100层 第 0352 关
2,353,魔鬼100层,魔鬼100层 第 0353 关
2,354,魔鬼100层,魔鬼100层 第 0354 关
2,355,魔鬼100层,魔鬼100层 第 0355 关
2,356,魔鬼100层,魔鬼100层 第 0356 关
2,357,魔鬼100层,魔鬼100层 第 0357 关
2,358,魔鬼100层,魔鬼100层 第 0358 关
2,359,魔鬼100层,魔鬼100层 第 0359 关
2,360,魔鬼100层,魔鬼100层 第 0360 关
2,361,魔鬼100层,魔鬼100层 第 0361 关
2,362,魔鬼100层,魔鬼100层 第 0362 关
2,363,魔鬼100层,魔鬼100层 第 0363 关
2,364,魔鬼100层,魔鬼100层 第 0364 关
2,365,魔鬼100层,魔鬼100层 第 0365 关
2,366,魔鬼100层,魔鬼100层 第 0366 关
2,367,魔鬼100层,魔鬼100层 第 0367 关
2,368,魔鬼100层,魔鬼100层 第 0368 关
2,369,魔鬼100层,魔鬼100层 第 0369 关
2,370,魔鬼100层,魔鬼100层 第 0370 关
2,371,魔鬼100层,魔鬼100层 第 0371 关
2,372,魔鬼100层,魔鬼100层 第 0372 关
2,373,魔鬼100层,魔鬼100层 第 0373 关
2,374,魔鬼100层,魔鬼100层 第 0374 关
2,375,魔鬼100层,魔鬼100层 第 0375 关
2,376,魔鬼100层,魔鬼100层 第 0376 关
2,377,魔鬼100层,魔鬼100层 第 0377 关
2,378,魔鬼100层,魔鬼100层 第 0378 关
2,379,魔鬼100层,魔鬼100层 第 0379 关
2,380,魔鬼100层,魔鬼100层 第 0380 关
2,381,魔鬼100层,魔鬼100层 第 0381 关
2,382,魔鬼100层,魔鬼100层 第 0382 关
2,383,魔鬼100层,魔鬼100层 第 0383 关
2,384,魔鬼100层,魔鬼100层 第 0384 关
2,385,魔鬼100层,魔鬼100层 第 0385 关
2,386,魔鬼100层,魔鬼100层 第 0386 关
2,387,魔鬼100层,魔鬼100层 第 0387 关
2,388,魔鬼100层,魔鬼100层 第 0388 关
2,389,魔鬼100层,魔鬼100层 第 0389 关
2,390,魔鬼100层,魔鬼100层 第 0390 关
2,391,魔鬼100层,魔鬼100层 第 0391 关
2,392,魔鬼100层,魔鬼100层 第 0392 关
2,393,魔鬼100层,魔鬼100层 第 0393 关
2,394,魔鬼100层,魔鬼100层 第 0394 关
2,395,魔鬼100层,魔鬼100层 第 0395 关
2,396,魔鬼100层,魔鬼100层 第 0396 关
2,397,魔鬼100层,魔鬼100层 第 0397 关
2,398,魔鬼100层,魔鬼100层 第 0398 关
2,399,魔鬼100层,魔鬼100层 第 0399 关
2,400,魔鬼100层,魔鬼100层 第 0400 关
2,401,魔鬼100层,魔鬼100层 第 0401 关
2,402,魔鬼100层,魔鬼100层 第 0402 关
2,403,魔鬼100层,魔鬼100层 第 0403 关
2,404,魔鬼100层,魔鬼100层 第 0404 关
2,405,魔鬼100层,魔鬼100层 第 0405 关
2,406,魔鬼100层,魔鬼100层 第 0406 关
2,407,魔鬼100层,魔鬼100层 第 0407 关
2,408,魔鬼100层,魔鬼100层 第 0408 关
2,409,魔鬼100层,魔鬼100层 第 0409 关
2,410,魔鬼100层,魔鬼100层 第 0410 关
2,411,魔鬼100层,魔鬼100层 第 0411 关
2,412,魔鬼100层,魔鬼100层 第 0412 关
2,413,魔鬼100层,魔鬼100层 第 0413 关
2,414,魔鬼100层,魔鬼100层 第 0414 关
2,415,魔鬼100层,魔鬼100层 第 0415 关
2,416,魔鬼100层,魔鬼100层 第 0416 关
2,417,魔鬼100层,魔鬼100层 第 0417 关
2,418,魔鬼100层,魔鬼100层 第 0418 关
2,419,魔鬼100层,魔鬼100层 第 0419 关
2,420,魔鬼100层,魔鬼100层 第 0420 关
2,421,魔鬼100层,魔鬼100层 第 0421 关
2,422,魔鬼100层,魔鬼100层 第 0422 关
2,423,魔鬼100层,魔鬼100层 第 0423 关
2,424,魔鬼100层,魔鬼100层 第 0424 关
2,425,魔鬼100层,魔鬼100层 第 0425 关
2,426,魔鬼100层,魔鬼100层 第 0426 关
2,427,魔鬼100层,魔鬼100层 第 0427 关
2,428,魔鬼100层,魔鬼100层 第 0428 关
2,429,魔鬼100层,魔鬼100层 第 0429 关
2,430,魔鬼100层,魔鬼100层 第 0430 关
2,431,魔鬼100层,魔鬼100层 第 0431 关
2,432,魔鬼100层,魔鬼100层 第 0432 关
2,433,魔鬼100层,魔鬼100层 第 0433 关
2,434,魔鬼100层,魔鬼100层 第 0434 关
2,435,魔鬼100层,魔鬼100层 第 0435 关
2,436,魔鬼100层,魔鬼100层 第 0436 关
2,437,魔鬼100层,魔鬼100层 第 0437 关
2,438,魔鬼100层,魔鬼100层 第 0438 关
2,439,魔鬼100层,魔鬼100层 第 0439 关
2,440,魔鬼100层,魔鬼100层 第 0440 关
2,441,魔鬼100层,魔鬼100层 第 0441 关
2,442,魔鬼100层,魔鬼100层 第 0442 关
2,443,魔鬼100层,魔鬼100层 第 0443 关
2,444,魔鬼100层,魔鬼100层 第 0444 关
2,445,魔鬼100层,魔鬼100层 第 0445 关
2,446,魔鬼100层,魔鬼100层 第 0446 关
2,447,魔鬼100层,魔鬼100层 第 0447 关
2,448,魔鬼100层,魔鬼100层 第 0448 关
2,449,魔鬼100层,魔鬼100层 第 0449 关
2,450,魔鬼100层,魔鬼100层 第 0450 关
2,451,魔鬼100层,魔鬼100层 第 0451 关
2,452,魔鬼100层,魔鬼100层 第 0452 关
2,453,魔鬼100层,魔鬼100层 第 0453 关
2,454,魔鬼100层,魔鬼100层 第 0454 关
2,455,魔鬼100层,魔鬼100层 第 0455 关
2,456,魔鬼100层,魔鬼100层 第 0456 关
2,457,魔鬼100层,魔鬼100层 第 0457 关
2,458,魔鬼100层,魔鬼100层 第 0458 关
2,459,魔鬼100层,魔鬼100层 第 0459 关
2,460,魔鬼100层,魔鬼100层 第 0460 关
2,461,魔鬼100层,魔鬼100层 第 0461 关
2,462,魔鬼100层,魔鬼100层 第 0462 关
2,463,魔鬼100层,魔鬼100层 第 0463 关
2,464,魔鬼100层,魔鬼100层 第 0464 关
2,465,魔鬼100层,魔鬼100层 第 0465 关
2,466,魔鬼100层,魔鬼100层 第 0466 关
2,467,魔鬼100层,魔鬼100层 第 0467 关
2,468,魔鬼100层,魔鬼100层 第 0468 关
2,469,魔鬼100层,魔鬼100层 第 0469 关
2,470,魔鬼100层,魔鬼100层 第 0470 关
2,471,魔鬼100层,魔鬼100层 第 0471 关
2,472,魔鬼100层,魔鬼100层 第 0472 关
2,473,魔鬼100层,魔鬼100层 第 0473 关
2,474,魔鬼100层,魔鬼100层 第 0474 关
2,475,魔鬼100层,魔鬼100层 第 0475 关
2,476,魔鬼100层,魔鬼100层 第 0476 关
2,477,魔鬼100层,魔鬼100层 第 0477 关
2,478,魔鬼100层,魔鬼100层 第 0478 关
2,479,魔鬼100层,魔鬼100层 第 0479 关
2,480,魔鬼100层,魔鬼100层 第 0480 关
2,481,魔鬼100层,魔鬼100层 第 0481 关
2,482,魔鬼100层,魔鬼100层 第 0482 关
2,483,魔鬼100层,魔鬼100层 第 0483 关
2,484,魔鬼100层,魔鬼100层 第 0484 关
2,485,魔鬼100层,魔鬼100层 第 0485 关
2,486,魔鬼100层,魔鬼100层 第 0486 关
2,487,魔鬼100层,魔鬼100层 第 0487 关
2,488,魔鬼100层,魔鬼100层 第 0488 关
2,489,魔鬼100层,魔鬼100层 第 0489 关
2,490,魔鬼100层,魔鬼100层 第 0490 关
2,491,魔鬼100层,魔鬼100层 第 0491 关
2,492,魔鬼100层,魔鬼100层 第 0492 关
2,493,魔鬼100层,魔鬼100层 第 0493 关
2,494,魔鬼100层,魔鬼100层 第 0494 关
2,495,魔鬼100层,魔鬼100层 第 0495 关
2,496,魔鬼100层,魔鬼100层 第 0496 关
2,497,魔鬼100层,魔鬼100层 第 0497 关
2,498,魔鬼100层,魔鬼100层 第 0498 关
2,499,魔鬼100层,魔鬼100层 第 0499 关
2,500,魔鬼100层,魔鬼100层 第 0500 关
2,501,魔鬼100层,魔鬼100层 第 0501 关
2,502,魔鬼100层,魔鬼100层 第 0502 关
2,503,魔鬼100层,魔鬼100层 第 0503 关
2,504,魔鬼100层,魔鬼100层 第 0504 关
2,505,魔鬼100层,魔鬼100层 第 0505 关
2,506,魔鬼100层,魔鬼100层 第 0506 关
2,507,魔鬼100层,魔鬼100层 第 0507 关
2,508,魔鬼100层,魔鬼100层 第 0508 关
2,509,魔鬼100层,魔鬼100层 第 0509 关
2,510,魔鬼100层,魔鬼100层 第 0510 关
2,511,魔鬼100层,魔鬼100层 第 0511 关
2,512,魔鬼100层,魔鬼100层 第 0512 关
2,513,魔鬼100层,魔鬼100层 第 0513 关
2,514,魔鬼100层,魔鬼100层 第 0514 关
2,515,魔鬼100层,魔鬼100层 第 0515 关
2,516,魔鬼100层,魔鬼100层 第 0516 关
2,517,魔鬼100层,魔鬼100层 第 0517 关
2,518,魔鬼100层,魔鬼100层 第 0518 关
2,519,魔鬼100层,魔鬼100层 第 0519 关
2,520,魔鬼100层,魔鬼100层 第 0520 关
2,521,魔鬼100层,魔鬼100层 第 0521 关
2,522,魔鬼100层,魔鬼100层 第 0522 关
2,523,魔鬼100层,魔鬼100层 第 0523 关
2,524,魔鬼100层,魔鬼100层 第 0524 关
2,525,魔鬼100层,魔鬼100层 第 0525 关
2,526,魔鬼100层,魔鬼100层 第 0526 关
2,527,魔鬼100层,魔鬼100层 第 0527 关
2,528,魔鬼100层,魔鬼100层 第 0528 关
2,529,魔鬼100层,魔鬼100层 第 0529 关
2,530,魔鬼100层,魔鬼100层 第 0530 关
2,531,魔鬼100层,魔鬼100层 第 0531 关
2,532,魔鬼100层,魔鬼100层 第 0532 关
2,533,魔鬼100层,魔鬼100层 第 0533 关
2,534,魔鬼100层,魔鬼100层 第 0534 关
2,535,魔鬼100层,魔鬼100层 第 0535 关
2,536,魔鬼100层,魔鬼100层 第 0536 关
2,537,魔鬼100层,魔鬼100层 第 0537 关
2,538,魔鬼100层,魔鬼100层 第 0538 关
2,539,魔鬼100层,魔鬼100层 第 0539 关
2,540,魔鬼100层,魔鬼100层 第 0540 关
2,541,魔鬼100层,魔鬼100层 第 0541 关
2,542,魔鬼100层,魔鬼100层 第 0542 关
2,543,魔鬼100层,魔鬼100层 第 0543 关
2,544,魔鬼100层,魔鬼100层 第 0544 关
2,545,魔鬼100层,魔鬼100层 第 0545 关
2,546,魔鬼100层,魔鬼100层 第 0546 关
2,547,魔鬼100层,魔鬼100层 第 0547 关
2,548,魔鬼100层,魔鬼100层 第 0548 关
2,549,魔鬼100层,魔鬼100层 第 0549 关
2,550,魔鬼100层,魔鬼100层 第 0550 关
2,551,魔鬼100层,魔鬼100层 第 0551 关
2,552,魔鬼100层,魔鬼100层 第 0552 关
2,553,魔鬼100层,魔鬼100层 第 0553 关
2,554,魔鬼100层,魔鬼100层 第 0554 关
2,555,魔鬼100层,魔鬼100层 第 0555 关
2,556,魔鬼100层,魔鬼100层 第 0556 关
2,557,魔鬼100层,魔鬼100层 第 0557 关
2,558,魔鬼100层,魔鬼100层 第 0558 关
2,559,魔鬼100层,魔鬼100层 第 0559 关
2,560,魔鬼100层,魔鬼100层 第 0560 关
2,561,魔鬼100层,魔鬼100层 第 0561 关
2,562,魔鬼100层,魔鬼100层 第 0562 关
2,563,魔鬼100层,魔鬼100层 第 0563 关
2,564,魔鬼100层,魔鬼100层 第 0564 关
2,565,魔鬼100层,魔鬼100层 第 0565 关
2,566,魔鬼100层,魔鬼100层 第 0566 关
2,567,魔鬼100层,魔鬼100层 第 0567 关
2,568,魔鬼100层,魔鬼100层 第 0568 关
2,569,魔鬼100层,魔鬼100层 第 0569 关
2,570,魔鬼100层,魔鬼100层 第 0570 关
2,571,魔鬼100层,魔鬼100层 第 0571 关
2,572,魔鬼100层,魔鬼100层 第 0572 关
2,573,魔鬼100层,魔鬼100层 第 0573 关
2,574,魔鬼100层,魔鬼100层 第 0574 关
2,575,魔鬼100层,魔鬼100层 第 0575 关
2,576,魔鬼100层,魔鬼100层 第 0576 关
2,577,魔鬼100层,魔鬼100层 第 0577 关
2,578,魔鬼100层,魔鬼100层 第 0578 关
2,579,魔鬼100层,魔鬼100层 第 0579 关
2,580,魔鬼100层,魔鬼100层 第 0580 关
2,581,魔鬼100层,魔鬼100层 第 0581 关
2,582,魔鬼100层,魔鬼100层 第 0582 关
2,583,魔鬼100层,魔鬼100层 第 0583 关
2,584,魔鬼100层,魔鬼100层 第 0584 关
2,585,魔鬼100层,魔鬼100层 第 0585 关
2,586,魔鬼100层,魔鬼100层 第 0586 关
2,587,魔鬼100层,魔鬼100层 第 0587 关
2,588,魔鬼100层,魔鬼100层 第 0588 关
2,589,魔鬼100层,魔鬼100层 第 0589 关
2,590,魔鬼100层,魔鬼100层 第 0590 关
2,591,魔鬼100层,魔鬼100层 第 0591 关
2,592,魔鬼100层,魔鬼100层 第 0592 关
2,593,魔鬼100层,魔鬼100层 第 0593 关
2,594,魔鬼100层,魔鬼100层 第 0594 关
2,595,魔鬼100层,魔鬼100层 第 0595 关
2,596,魔鬼100层,魔鬼100层 第 0596 关
2,597,魔鬼100层,魔鬼100层 第 0597 关
2,598,魔鬼100层,魔鬼100层 第 0598 关
2,599,魔鬼100层,魔鬼100层 第 0599 关
2,600,魔鬼100层,魔鬼100层 第 0600 关
2,601,魔鬼100层,魔鬼100层 第 0601 关
2,602,魔鬼100层,魔鬼100层 第 0602 关
2,603,魔鬼100层,魔鬼100层 第 0603 关
2,604,魔鬼100层,魔鬼100层 第 0604 关
2,605,魔鬼100层,魔鬼100层 第 0605 关
2,606,魔鬼100层,魔鬼100层 第 0606 关
2,607,魔鬼100层,魔鬼100层 第 0607 关
2,608,魔鬼100层,魔鬼100层 第 0608 关
2,609,魔鬼100层,魔鬼100层 第 0609 关
2,610,魔鬼100层,魔鬼100层 第 0610 关
2,611,魔鬼100层,魔鬼100层 第 0611 关
2,612,魔鬼100层,魔鬼100层 第 0612 关
2,613,魔鬼100层,魔鬼100层 第 0613 关
2,614,魔鬼100层,魔鬼100层 第 0614 关
2,615,魔鬼100层,魔鬼100层 第 0615 关
2,616,魔鬼100层,魔鬼100层 第 0616 关
2,617,魔鬼100层,魔鬼100层 第 0617 关
2,618,魔鬼100层,魔鬼100层 第 0618 关
2,619,魔鬼100层,魔鬼100层 第 0619 关
2,620,魔鬼100层,魔鬼100层 第 0620 关
2,621,魔鬼100层,魔鬼100层 第 0621 关
2,622,魔鬼100层,魔鬼100层 第 0622 关
2,623,魔鬼100层,魔鬼100层 第 0623 关
2,624,魔鬼100层,魔鬼100层 第 0624 关
2,625,魔鬼100层,魔鬼100层 第 0625 关
2,626,魔鬼100层,魔鬼100层 第 0626 关
2,627,魔鬼100层,魔鬼100层 第 0627 关
2,628,魔鬼100层,魔鬼100层 第 0628 关
2,629,魔鬼100层,魔鬼100层 第 0629 关
2,630,魔鬼100层,魔鬼100层 第 0630 关
2,631,魔鬼100层,魔鬼100层 第 0631 关
2,632,魔鬼100层,魔鬼100层 第 0632 关
2,633,魔鬼100层,魔鬼100层 第 0633 关
2,634,魔鬼100层,魔鬼100层 第 0634 关
2,635,魔鬼100层,魔鬼100层 第 0635 关
2,636,魔鬼100层,魔鬼100层 第 0636 关
2,637,魔鬼100层,魔鬼100层 第 0637 关
2,638,魔鬼100层,魔鬼100层 第 0638 关
2,639,魔鬼100层,魔鬼100层 第 0639 关
2,640,魔鬼100层,魔鬼100层 第 0640 关
2,641,魔鬼100层,魔鬼100层 第 0641 关
2,642,魔鬼100层,魔鬼100层 第 0642 关
2,643,魔鬼100层,魔鬼100层 第 0643 关
2,644,魔鬼100层,魔鬼100层 第 0644 关
2,645,魔鬼100层,魔鬼100层 第 0645 关
2,646,魔鬼100层,魔鬼100层 第 0646 关
2,647,魔鬼100层,魔鬼100层 第 0647 关
2,648,魔鬼100层,魔鬼100层 第 0648 关
2,649,魔鬼100层,魔鬼100层 第 0649 关
2,650,魔鬼100层,魔鬼100层 第 0650 关
2,651,魔鬼100层,魔鬼100层 第 0651 关
2,652,魔鬼100层,魔鬼100层 第 0652 关
2,653,魔鬼100层,魔鬼100层 第 0653 关
2,654,魔鬼100层,魔鬼100层 第 0654 关
2,655,魔鬼100层,魔鬼100层 第 0655 关
2,656,魔鬼100层,魔鬼100层 第 0656 关
2,657,魔鬼100层,魔鬼100层 第 0657 关
2,658,魔鬼100层,魔鬼100层 第 0658 关
2,659,魔鬼100层,魔鬼100层 第 0659 关
2,660,魔鬼100层,魔鬼100层 第 0660 关
2,661,魔鬼100层,魔鬼100层 第 0661 关
2,662,魔鬼100层,魔鬼100层 第 0662 关
2,663,魔鬼100层,魔鬼100层 第 0663 关
2,664,魔鬼100层,魔鬼100层 第 0664 关
2,665,魔鬼100层,魔鬼100层 第 0665 关
2,666,魔鬼100层,魔鬼100层 第 0666 关
2,667,魔鬼100层,魔鬼100层 第 0667 关
2,668,魔鬼100层,魔鬼100层 第 0668 关
2,669,魔鬼100层,魔鬼100层 第 0669 关
2,670,魔鬼100层,魔鬼100层 第 0670 关
2,671,魔鬼100层,魔鬼100层 第 0671 关
2,672,魔鬼100层,魔鬼100层 第 0672 关
2,673,魔鬼100层,魔鬼100层 第 0673 关
2,674,魔鬼100层,魔鬼100层 第 0674 关
2,675,魔鬼100层,魔鬼100层 第 0675 关
2,676,魔鬼100层,魔鬼100层 第 0676 关
2,677,魔鬼100层,魔鬼100层 第 0677 关
2,678,魔鬼100层,魔鬼100层 第 0678 关
2,679,魔鬼100层,魔鬼100层 第 0679 关
2,680,魔鬼100层,魔鬼100层 第 0680 关
2,681,魔鬼100层,魔鬼100层 第 0681 关
2,682,魔鬼100层,魔鬼100层 第 0682 关
2,683,魔鬼100层,魔鬼100层 第 0683 关
2,684,魔鬼100层,魔鬼100层 第 0684 关
2,685,魔鬼100层,魔鬼100层 第 0685 关
2,686,魔鬼100层,魔鬼100层 第 0686 关
2,687,魔鬼100层,魔鬼100层 第 0687 关
2,688,魔鬼100层,魔鬼100层 第 0688 关
2,689,魔鬼100层,魔鬼100层 第 0689 关
2,690,魔鬼100层,魔鬼100层 第 0690 关
2,691,魔鬼100层,魔鬼100层 第 0691 关
2,692,魔鬼100层,魔鬼100层 第 0692 关
2,693,魔鬼100层,魔鬼100层 第 0693 关
2,694,魔鬼100层,魔鬼100层 第 0694 关
2,695,魔鬼100层,魔鬼100层 第 0695 关
2,696,魔鬼100层,魔鬼100层 第 0696 关
2,697,魔鬼100层,魔鬼100层 第 0697 关
2,698,魔鬼100层,魔鬼100层 第 0698 关
2,699,魔鬼100层,魔鬼100层 第 0699 关
2,700,魔鬼100层,魔鬼100层 第 0700 关
2,701,魔鬼100层,魔鬼100层 第 0701 关
2,702,魔鬼100层,魔鬼100层 第 0702 关
2,703,魔鬼100层,魔鬼100层 第 0703 关
2,704,魔鬼100层,魔鬼100层 第 0704 关
2,705,魔鬼100层,魔鬼100层 第 0705 关
2,706,魔鬼100层,魔鬼100层 第 0706 关
2,707,魔鬼100层,魔鬼100层 第 0707 关
2,708,魔鬼100层,魔鬼100层 第 0708 关
2,709,魔鬼100层,魔鬼100层 第 0709 关
2,710,魔鬼100层,魔鬼100层 第 0710 关
2,711,魔鬼100层,魔鬼100层 第 0711 关
2,712,魔鬼100层,魔鬼100层 第 0712 关
2,713,魔鬼100层,魔鬼100层 第 0713 关
2,714,魔鬼100层,魔鬼100层 第 0714 关
2,715,魔鬼100层,魔鬼100层 第 0715 关
2,716,魔鬼100层,魔鬼100层 第 0716 关
2,717,魔鬼100层,魔鬼100层 第 0717 关
2,718,魔鬼100层,魔鬼100层 第 0718 关
2,719,魔鬼100层,魔鬼100层 第 0719 关
2,720,魔鬼100层,魔鬼100层 第 0720 关
2,721,魔鬼100层,魔鬼100层 第 0721 关
2,722,魔鬼100层,魔鬼100层 第 0722 关
2,723,魔鬼100层,魔鬼100层 第 0723 关
2,724,魔鬼100层,魔鬼100层 第 0724 关
2,725,魔鬼100层,魔鬼100层 第 0725 关
2,726,魔鬼100层,魔鬼100层 第 0726 关
2,727,魔鬼100层,魔鬼100层 第 0727 关
2,728,魔鬼100层,魔鬼100层 第 0728 关
2,729,魔鬼100层,魔鬼100层 第 0729 关
2,730,魔鬼100层,魔鬼100层 第 0730 关
2,731,魔鬼100层,魔鬼100层 第 0731 关
2,732,魔鬼100层,魔鬼100层 第 0732 关
2,733,魔鬼100层,魔鬼100层 第 0733 关
2,734,魔鬼100层,魔鬼100层 第 0734 关
2,735,魔鬼100层,魔鬼100层 第 0735 关
2,736,魔鬼100层,魔鬼100层 第 0736 关
2,737,魔鬼100层,魔鬼100层 第 0737 关
2,738,魔鬼100层,魔鬼100层 第 0738 关
2,739,魔鬼100层,魔鬼100层 第 0739 关
2,740,魔鬼100层,魔鬼100层 第 0740 关
2,741,魔鬼100层,魔鬼100层 第 0741 关
2,742,魔鬼100层,魔鬼100层 第 0742 关
2,743,魔鬼100层,魔鬼100层 第 0743 关
2,744,魔鬼100层,魔鬼100层 第 0744 关
2,745,魔鬼100层,魔鬼100层 第 0745 关
2,746,魔鬼100层,魔鬼100层 第 0746 关
2,747,魔鬼100层,魔鬼100层 第 0747 关
2,748,魔鬼100层,魔鬼100层 第 0748 关
2,749,魔鬼100层,魔鬼100层 第 0749 关
2,750,魔鬼100层,魔鬼100层 第 0750 关
2,751,魔鬼100层,魔鬼100层 第 0751 关
2,752,魔鬼100层,魔鬼100层 第 0752 关
2,753,魔鬼100层,魔鬼100层 第 0753 关
2,754,魔鬼100层,魔鬼100层 第 0754 关
2,755,魔鬼100层,魔鬼100层 第 0755 关
2,756,魔鬼100层,魔鬼100层 第 0756 关
2,757,魔鬼100层,魔鬼100层 第 0757 关
2,758,魔鬼100层,魔鬼100层 第 0758 关
2,759,魔鬼100层,魔鬼100层 第 0759 关
2,760,魔鬼100层,魔鬼100层 第 0760 关
2,761,魔鬼100层,魔鬼100层 第 0761 关
2,762,魔鬼100层,魔鬼100层 第 0762 关
2,763,魔鬼100层,魔鬼100层 第 0763 关
2,764,魔鬼100层,魔鬼100层 第 0764 关
2,765,魔鬼100层,魔鬼100层 第 0765 关
2,766,魔鬼100层,魔鬼100层 第 0766 关
2,767,魔鬼100层,魔鬼100层 第 0767 关
2,768,魔鬼100层,魔鬼100层 第 0768 关
2,769,魔鬼100层,魔鬼100层 第 0769 关
2,770,魔鬼100层,魔鬼100层 第 0770 关
2,771,魔鬼100层,魔鬼100层 第 0771 关
2,772,魔鬼100层,魔鬼100层 第 0772 关
2,773,魔鬼100层,魔鬼100层 第 0773 关
2,774,魔鬼100层,魔鬼100层 第 0774 关
2,775,魔鬼100层,魔鬼100层 第 0775 关
2,776,魔鬼100层,魔鬼100层 第 0776 关
2,777,魔鬼100层,魔鬼100层 第 0777 关
2,778,魔鬼100层,魔鬼100层 第 0778 关
2,779,魔鬼100层,魔鬼100层 第 0779 关
2,780,魔鬼100层,魔鬼100层 第 0780 关
2,781,魔鬼100层,魔鬼100层 第 0781 关
2,782,魔鬼100层,魔鬼100层 第 0782 关
2,783,魔鬼100层,魔鬼100层 第 0783 关
2,784,魔鬼100层,魔鬼100层 第 0784 关
2,785,魔鬼100层,魔鬼100层 第 0785 关
2,786,魔鬼100层,魔鬼100层 第 0786 关
2,787,魔鬼100层,魔鬼100层 第 0787 关
2,788,魔鬼100层,魔鬼100层 第 0788 关
2,789,魔鬼100层,魔鬼100层 第 0789 关
2,790,魔鬼100层,魔鬼100层 第 0790 关
2,791,魔鬼100层,魔鬼100层 第 0791 关
2,792,魔鬼100层,魔鬼100层 第 0792 关
2,793,魔鬼100层,魔鬼100层 第 0793 关
2,794,魔鬼100层,魔鬼100层 第 0794 关
2,795,魔鬼100层,魔鬼100层 第 0795 关
2,796,魔鬼100层,魔鬼100层 第 0796 关
2,797,魔鬼100层,魔鬼100层 第 0797 关
2,798,魔鬼100层,魔鬼100层 第 0798 关
2,799,魔鬼100层,魔鬼100层 第 0799 关
2,800,魔鬼100层,魔鬼100层 第 0800 关
2,801,魔鬼100层,魔鬼100层 第 0801 关
2,802,魔鬼100层,魔鬼100层 第 0802 关
2,803,魔鬼100层,魔鬼100层 第 0803 关
2,804,魔鬼100层,魔鬼100层 第 0804 关
2,805,魔鬼100层,魔鬼100层 第 0805 关
2,806,魔鬼100层,魔鬼100层 第 0806 关
2,807,魔鬼100层,魔鬼100层 第 0807 关
2,808,魔鬼100层,魔鬼100层 第 0808 关
2,809,魔鬼100层,魔鬼100层 第 0809 关
2,810,魔鬼100层,魔鬼100层 第 0810 关
2,811,魔鬼100层,魔鬼100层 第 0811 关
2,812,魔鬼100层,魔鬼100层 第 0812 关
2,813,魔鬼100层,魔鬼100层 第 0813 关
2,814,魔鬼100层,魔鬼100层 第 0814 关
2,815,魔鬼100层,魔鬼100层 第 0815 关
2,816,魔鬼100层,魔鬼100层 第 0816 关
2,817,魔鬼100层,魔鬼100层 第 0817 关
2,818,魔鬼100层,魔鬼100层 第 0818 关
2,819,魔鬼100层,魔鬼100层 第 0819 关
2,820,魔鬼100层,魔鬼100层 第 0820 关
2,821,魔鬼100层,魔鬼100层 第 0821 关
2,822,魔鬼100层,魔鬼100层 第 0822 关
2,823,魔鬼100层,魔鬼100层 第 0823 关
2,824,魔鬼100层,魔鬼100层 第 0824 关
2,825,魔鬼100层,魔鬼100层 第 0825 关
2,826,魔鬼100层,魔鬼100层 第 0826 关
2,827,魔鬼100层,魔鬼100层 第 0827 关
2,828,魔鬼100层,魔鬼100层 第 0828 关
2,829,魔鬼100层,魔鬼100层 第 0829 关
2,830,魔鬼100层,魔鬼100层 第 0830 关
2,831,魔鬼100层,魔鬼100层 第 0831 关
2,832,魔鬼100层,魔鬼100层 第 0832 关
2,833,魔鬼100层,魔鬼100层 第 0833 关
2,834,魔鬼100层,魔鬼100层 第 0834 关
2,835,魔鬼100层,魔鬼100层 第 0835 关
2,836,魔鬼100层,魔鬼100层 第 0836 关
2,837,魔鬼100层,魔鬼100层 第 0837 关
2,838,魔鬼100层,魔鬼100层 第 0838 关
2,839,魔鬼100层,魔鬼100层 第 0839 关
2,840,魔鬼100层,魔鬼100层 第 0840 关
2,841,魔鬼100层,魔鬼100层 第 0841 关
2,842,魔鬼100层,魔鬼100层 第 0842 关
2,843,魔鬼100层,魔鬼100层 第 0843 关
2,844,魔鬼100层,魔鬼100层 第 0844 关
2,845,魔鬼100层,魔鬼100层 第 0845 关
2,846,魔鬼100层,魔鬼100层 第 0846 关
2,847,魔鬼100层,魔鬼100层 第 0847 关
2,848,魔鬼100层,魔鬼100层 第 0848 关
2,849,魔鬼100层,魔鬼100层 第 0849 关
2,850,魔鬼100层,魔鬼100层 第 0850 关
2,851,魔鬼100层,魔鬼100层 第 0851 关
2,852,魔鬼100层,魔鬼100层 第 0852 关
2,853,魔鬼100层,魔鬼100层 第 0853 关
2,854,魔鬼100层,魔鬼100层 第 0854 关
2,855,魔鬼100层,魔鬼100层 第 0855 关
2,856,魔鬼100层,魔鬼100层 第 0856 关
2,857,魔鬼100层,魔鬼100层 第 0857 关
2,858,魔鬼100层,魔鬼100层 第 0858 关
2,859,魔鬼100层,魔鬼100层 第 0859 关
2,860,魔鬼100层,魔鬼100层 第 0860 关
2,861,魔鬼100层,魔鬼100层 第 0861 关
2,862,魔鬼100层,魔鬼100层 第 0862 关
2,863,魔鬼100层,魔鬼100层 第 0863 关
2,864,魔鬼100层,魔鬼100层 第 0864 关
2,865,魔鬼100层,魔鬼100层 第 0865 关
2,866,魔鬼100层,魔鬼100层 第 0866 关
2,867,魔鬼100层,魔鬼100层 第 0867 关
2,868,魔鬼100层,魔鬼100层 第 0868 关
2,869,魔鬼100层,魔鬼100层 第 0869 关
2,870,魔鬼100层,魔鬼100层 第 0870 关
2,871,魔鬼100层,魔鬼100层 第 0871 关
2,872,魔鬼100层,魔鬼100层 第 0872 关
2,873,魔鬼100层,魔鬼100层 第 0873 关
2,874,魔鬼100层,魔鬼100层 第 0874 关
2,875,魔鬼100层,魔鬼100层 第 0875 关
2,876,魔鬼100层,魔鬼100层 第 0876 关
2,877,魔鬼100层,魔鬼100层 第 0877 关
2,878,魔鬼100层,魔鬼100层 第 0878 关
2,879,魔鬼100层,魔鬼100层 第 0879 关
2,880,魔鬼100层,魔鬼100层 第 0880 关
2,881,魔鬼100层,魔鬼100层 第 0881 关
2,882,魔鬼100层,魔鬼100层 第 0882 关
2,883,魔鬼100层,魔鬼100层 第 0883 关
2,884,魔鬼100层,魔鬼100层 第 0884 关
2,885,魔鬼100层,魔鬼100层 第 0885 关
2,886,魔鬼100层,魔鬼100层 第 0886 关
2,887,魔鬼100层,魔鬼100层 第 0887 关
2,888,魔鬼100层,魔鬼100层 第 0888 关
2,889,魔鬼100层,魔鬼100层 第 0889 关
2,890,魔鬼100层,魔鬼100层 第 0890 关
2,891,魔鬼100层,魔鬼100层 第 0891 关
2,892,魔鬼100层,魔鬼100层 第 0892 关
2,893,魔鬼100层,魔鬼100层 第 0893 关
2,894,魔鬼100层,魔鬼100层 第 0894 关
2,895,魔鬼100层,魔鬼100层 第 0895 关
2,896,魔鬼100层,魔鬼100层 第 0896 关
2,897,魔鬼100层,魔鬼100层 第 0897 关
2,898,魔鬼100层,魔鬼100层 第 0898 关
2,899,魔鬼100层,魔鬼100层 第 0899 关
2,900,魔鬼100层,魔鬼100层 第 0900 关
2,901,魔鬼100层,魔鬼100层 第 0901 关
2,902,魔鬼100层,魔鬼100层 第 0902 关
2,903,魔鬼100层,魔鬼100层 第 0903 关
2,904,魔鬼100层,魔鬼100层 第 0904 关
2,905,魔鬼100层,魔鬼100层 第 0905 关
2,906,魔鬼100层,魔鬼100层 第 0906 关
2,907,魔鬼100层,魔鬼100层 第 0907 关
2,908,魔鬼100层,魔鬼100层 第 0908 关
2,909,魔鬼100层,魔鬼100层 第 0909 关
2,910,魔鬼100层,魔鬼100层 第 0910 关
2,911,魔鬼100层,魔鬼100层 第 0911 关
2,912,魔鬼100层,魔鬼100层 第 0912 关
2,913,魔鬼100层,魔鬼100层 第 0913 关
2,914,魔鬼100层,魔鬼100层 第 0914 关
2,915,魔鬼100层,魔鬼100层 第 0915 关
2,916,魔鬼100层,魔鬼100层 第 0916 关
2,917,魔鬼100层,魔鬼100层 第 0917 关
2,918,魔鬼100层,魔鬼100层 第 0918 关
2,919,魔鬼100层,魔鬼100层 第 0919 关
2,920,魔鬼100层,魔鬼100层 第 0920 关
2,921,魔鬼100层,魔鬼100层 第 0921 关
2,922,魔鬼100层,魔鬼100层 第 0922 关
2,923,魔鬼100层,魔鬼100层 第 0923 关
2,924,魔鬼100层,魔鬼100层 第 0924 关
2,925,魔鬼100层,魔鬼100层 第 0925 关
2,926,魔鬼100层,魔鬼100层 第 0926 关
2,927,魔鬼100层,魔鬼100层 第 0927 关
2,928,魔鬼100层,魔鬼100层 第 0928 关
2,929,魔鬼100层,魔鬼100层 第 0929 关
2,930,魔鬼100层,魔鬼100层 第 0930 关
2,931,魔鬼100层,魔鬼100层 第 0931 关
2,932,魔鬼100层,魔鬼100层 第 0932 关
2,933,魔鬼100层,魔鬼100层 第 0933 关
2,934,魔鬼100层,魔鬼100层 第 0934 关
2,935,魔鬼100层,魔鬼100层 第 0935 关
2,936,魔鬼100层,魔鬼100层 第 0936 关
2,937,魔鬼100层,魔鬼100层 第 0937 关
2,938,魔鬼100层,魔鬼100层 第 0938 关
2,939,魔鬼100层,魔鬼100层 第 0939 关
2,940,魔鬼100层,魔鬼100层 第 0940 关
2,941,魔鬼100层,魔鬼100层 第 0941 关
2,942,魔鬼100层,魔鬼100层 第 0942 关
2,943,魔鬼100层,魔鬼100层 第 0943 关
2,944,魔鬼100层,魔鬼100层 第 0944 关
2,945,魔鬼100层,魔鬼100层 第 0945 关
2,946,魔鬼100层,魔鬼100层 第 0946 关
2,947,魔鬼100层,魔鬼100层 第 0947 关
2,948,魔鬼100层,魔鬼100层 第 0948 关
2,949,魔鬼100层,魔鬼100层 第 0949 关
2,950,魔鬼100层,魔鬼100层 第 0950 关
2,951,魔鬼100层,魔鬼100层 第 0951 关
2,952,魔鬼100层,魔鬼100层 第 0952 关
2,953,魔鬼100层,魔鬼100层 第 0953 关
2,954,魔鬼100层,魔鬼100层 第 0954 关
2,955,魔鬼100层,魔鬼100层 第 0955 关
2,956,魔鬼100层,魔鬼100层 第 0956 关
2,957,魔鬼100层,魔鬼100层 第 0957 关
2,958,魔鬼100层,魔鬼100层 第 0958 关
2,959,魔鬼100层,魔鬼100层 第 0959 关
2,960,魔鬼100层,魔鬼100层 第 0960 关
2,961,魔鬼100层,魔鬼100层 第 0961 关
2,962,魔鬼100层,魔鬼100层 第 0962 关
2,963,魔鬼100层,魔鬼100层 第 0963 关
2,964,魔鬼100层,魔鬼100层 第 0964 关
2,965,魔鬼100层,魔鬼100层 第 0965 关
2,966,魔鬼100层,魔鬼100层 第 0966 关
2,967,魔鬼100层,魔鬼100层 第 0967 关
2,968,魔鬼100层,魔鬼100层 第 0968 关
2,969,魔鬼100层,魔鬼100层 第 0969 关
2,970,魔鬼100层,魔鬼100层 第 0970 关
2,971,魔鬼100层,魔鬼100层 第 0971 关
2,972,魔鬼100层,魔鬼100层 第 0972 关
2,973,魔鬼100层,魔鬼100层 第 0973 关
2,974,魔鬼100层,魔鬼100层 第 0974 关
2,975,魔鬼100层,魔鬼100层 第 0975 关
2,976,魔鬼100层,魔鬼100层 第 0976 关
2,977,魔鬼100层,魔鬼100层 第 0977 关
2,978,魔鬼100层,魔鬼100层 第 0978 关
2,979,魔鬼100层,魔鬼100层 第 0979 关
2,980,魔鬼100层,魔鬼100层 第 0980 关
2,981,魔鬼100层,魔鬼100层 第 0981 关
2,982,魔鬼100层,魔鬼100层 第 0982 关
2,983,魔鬼100层,魔鬼100层 第 0983 关
2,984,魔鬼100层,魔鬼100层 第 0984 关
2,985,魔鬼100层,魔鬼100层 第 0985 关
2,986,魔鬼100层,魔鬼100层 第 0986 关
2,987,魔鬼100层,魔鬼100层 第 0987 关
2,988,魔鬼100层,魔鬼100层 第 0988 关
2,989,魔鬼100层,魔鬼100层 第 0989 关
2,990,魔鬼100层,魔鬼100层 第 0990 关
2,991,魔鬼100层,魔鬼100层 第 0991 关
2,992,魔鬼100层,魔鬼100层 第 0992 关
2,993,魔鬼100层,魔鬼100层 第 0993 关
2,994,魔鬼100层,魔鬼100层 第 0994 关
2,995,魔鬼100层,魔鬼100层 第 0995 关
2,996,魔鬼100层,魔鬼100层 第 0996 关
2,997,魔鬼100层,魔鬼100层 第 0997 关
2,998,魔鬼100层,魔鬼100层 第 0998 关
2,999,魔鬼100层,魔鬼100层 第 0999 关
2,1000,魔鬼100层,魔鬼100层 第 1000 关
